{
  "DocumentMetadata": {
    "Pages": 1
  },
  "JobStatus": "SUCCEEDED",
  "Blocks": [
    {
      "BlockType": "PAGE",
      "Geometry": {
        "BoundingBox": {
          "Width": 0.538246750831604,
          "Height": 0.3294372260570526,
          "Left": 0.23240017890930176,
          "Top": 0.31614571809768677
        },
        "Polygon": [
          {
            "X": 0.23240017890930176,
            "Y": 0.3171274662017822
          },
          {
            "X": 0.7680577039718628,
            "Y": 0.31614571809768677
          },
          {
            "X": 0.7706469297409058,
            "Y": 0.6451342105865479
          },
          {
            "X": 0.23396849632263184,
            "Y": 0.6455829739570618
          }
        ]
      },
      "Id": "ea767a44-cc95-4f18-86d3-7a225bc93226",
      "Relationships": [
        {
          "Type": "CHILD",
          "Ids": [
            "3df18cb1-fb9a-4ffb-9186-2d2754c16e92",
            "695398cc-298e-45d2-aec3-dcdaf383e5af",
            "400194cf-79d4-4bc3-b630-d9c88579db28",
            "b7918a31-9b94-4a94-86ce-75f07b39fd8b",
            "d68512aa-556c-4a88-8123-6fe663ef7aab",
            "ca8fc45b-8cca-4926-a2e7-c4d5a5b7df37",
            "61700574-8da7-4a93-adff-2e324df196db",
            "33d78120-94a8-45cb-ac78-cbd917354d65",
            "baa350d9-c440-4c11-8757-2d43eb827b48",
            "77622490-8171-49da-a09d-a747981fdd64",
            "6e8e9455-7f8d-4195-8a35-4b4f117e1a97",
            "3773d331-d54c-4248-878b-e2ec92095a25",
            "ef994f6c-5106-42d1-b559-419ab0059fcc",
            "79ca9a64-8bed-4d38-be51-7320ec9370ad",
            "6f3f3457-eea8-4732-b2b2-bdcee07af79d",
            "0b0dd42f-547e-44da-9e1f-b7c190562959",
            "75cf0b0b-e198-4500-b209-b4eb73744765",
            "c2743c4c-b527-41f3-ac7f-be1f3b6d59db",
            "8b8419e1-f74d-40cb-aef7-750b9015daf3",
            "673bb718-a64d-46b8-aab8-015037bce7dc",
            "59f69d86-8485-4a0d-b9f2-833a592fdf1f",
            "a29378fe-58ad-430e-b478-48ac59b1b747",
            "9d1c4aa8-ffbc-4be2-b4d9-7e8ea903555e",
            "082118e1-bebf-4562-ad6d-743e4581e23d",
            "39152ede-8f7b-4a16-97e8-89d26ceb8096",
            "307f4c37-c0bb-4310-aa5b-03c9f394f839",
            "98fde164-a194-46cc-a9b4-637cfce09192",
            "89d5d8dc-39ee-4f1f-9111-69a3f3a31c80",
            "40d1c638-be60-492b-adb3-88df881fdfdd",
            "3aa24a15-2dfb-4e3c-bb32-5b2866c00bff",
            "e75d16be-ce18-4b02-8b61-5c2ae73e9ed0",
            "76f83de1-94ee-4645-8f18-ade5e7d5cec0",
            "57c84638-84ff-45e5-8e12-260c62bd5995"
          ]
        }
      ],
      "Page": 1
    },
    {
      "BlockType": "LINE",
      "Confidence": 99.951171875,
      "Text": "Material",
      "Geometry": {
        "BoundingBox": {
          "Width": 0.050947513431310654,
          "Height": 0.017124246805906296,
          "Left": 0.24834482371807098,
          "Top": 0.3697960078716278
        },
        "Polygon": [
          {
            "X": 0.24834482371807098,
            "Y": 0.3698810636997223
          },
          {
            "X": 0.29920440912246704,
            "Y": 0.3697960078716278
          },
          {
            "X": 0.29929232597351074,
            "Y": 0.38683781027793884
          },
          {
            "X": 0.24842773377895355,
            "Y": 0.3869202435016632
          }
        ]
      },
      "Id": "3df18cb1-fb9a-4ffb-9186-2d2754c16e92",
      "Relationships": [
        {
          "Type": "CHILD",
          "Ids": [
            "9b49b80c-67c1-4c4c-8735-94ecac529cbd"
          ]
        }
      ],
      "Page": 1
    },
    {
      "BlockType": "LINE",
      "Confidence": 61.59345626831055,
      "Text": "KH (mol-kg-1.kpa-1) X",
      "Geometry": {
        "BoundingBox": {
          "Width": 0.14080354571342468,
          "Height": 0.026364602148532867,
          "Left": 0.3887752592563629,
          "Top": 0.3649694621562958
        },
        "Polygon": [
          {
            "X": 0.3887752592563629,
            "Y": 0.3652065694332123
          },
          {
            "X": 0.5294091701507568,
            "Y": 0.3649694621562958
          },
          {
            "X": 0.5295788049697876,
            "Y": 0.39110806584358215
          },
          {
            "X": 0.3889235854148865,
            "Y": 0.39133405685424805
          }
        ]
      },
      "Id": "695398cc-298e-45d2-aec3-dcdaf383e5af",
      "Relationships": [
        {
          "Type": "CHILD",
          "Ids": [
            "3c695670-8673-4917-b65f-9c545a722154",
            "3d9732f0-e602-4e84-bab3-3b38d725e276",
            "654cd7f2-567c-4c96-9b43-1d2d01075a8f"
          ]
        }
      ],
      "Page": 1
    },
    {
      "BlockType": "LINE",
      "Confidence": 96.14668273925781,
      "Text": "C1",
      "Geometry": {
        "BoundingBox": {
          "Width": 0.012813775800168514,
          "Height": 0.02017924375832081,
          "Left": 0.579850435256958,
          "Top": 0.3703632652759552
        },
        "Polygon": [
          {
            "X": 0.579850435256958,
            "Y": 0.37038442492485046
          },
          {
            "X": 0.5925260782241821,
            "Y": 0.3703632652759552
          },
          {
            "X": 0.5926642417907715,
            "Y": 0.3905221223831177
          },
          {
            "X": 0.5799871683120728,
            "Y": 0.39054250717163086
          }
        ]
      },
      "Id": "400194cf-79d4-4bc3-b630-d9c88579db28",
      "Relationships": [
        {
          "Type": "CHILD",
          "Ids": [
            "8a47bad6-97f7-414b-a81b-cb03bcfe002c"
          ]
        }
      ],
      "Page": 1
    },
    {
      "BlockType": "LINE",
      "Confidence": 97.50232696533203,
      "Text": "C2",
      "Geometry": {
        "BoundingBox": {
          "Width": 0.014178265817463398,
          "Height": 0.020208127796649933,
          "Left": 0.67561274766922,
          "Top": 0.37046289443969727
        },
        "Polygon": [
          {
            "X": 0.67561274766922,
            "Y": 0.370486319065094
          },
          {
            "X": 0.6896412968635559,
            "Y": 0.37046289443969727
          },
          {
            "X": 0.6897909641265869,
            "Y": 0.3906484842300415
          },
          {
            "X": 0.6757607460021973,
            "Y": 0.3906710147857666
          }
        ]
      },
      "Id": "b7918a31-9b94-4a94-86ce-75f07b39fd8b",
      "Relationships": [
        {
          "Type": "CHILD",
          "Ids": [
            "c0c8aa24-ac44-4eaf-970f-6bc59f6f0bb1"
          ]
        }
      ],
      "Page": 1
    },
    {
      "BlockType": "LINE",
      "Confidence": 72.81770324707031,
      "Text": "10-2",
      "Geometry": {
        "BoundingBox": {
          "Width": 0.029016835615038872,
          "Height": 0.0222008116543293,
          "Left": 0.3899039030075073,
          "Top": 0.3940781056880951
        },
        "Polygon": [
          {
            "X": 0.3899039030075073,
            "Y": 0.39412426948547363
          },
          {
            "X": 0.41879114508628845,
            "Y": 0.3940781056880951
          },
          {
            "X": 0.41892075538635254,
            "Y": 0.41623467206954956
          },
          {
            "X": 0.39002978801727295,
            "Y": 0.4162788987159729
          }
        ]
      },
      "Id": "d68512aa-556c-4a88-8123-6fe663ef7aab",
      "Relationships": [
        {
          "Type": "CHILD",
          "Ids": [
            "7b870b56-2353-4c4f-936d-96b6b8672383"
          ]
        }
      ],
      "Page": 1
    },
    {
      "BlockType": "LINE",
      "Confidence": 30.556211471557617,
      "Text": "kg.mol-¹",
      "Geometry": {
        "BoundingBox": {
          "Width": 0.05525166168808937,
          "Height": 0.02670610137283802,
          "Left": 0.578829288482666,
          "Top": 0.3946187496185303
        },
        "Polygon": [
          {
            "X": 0.578829288482666,
            "Y": 0.3947066068649292
          },
          {
            "X": 0.6338921785354614,
            "Y": 0.3946187496185303
          },
          {
            "X": 0.6340809464454651,
            "Y": 0.4212414026260376
          },
          {
            "X": 0.5790095925331116,
            "Y": 0.42132484912872314
          }
        ]
      },
      "Id": "ca8fc45b-8cca-4926-a2e7-c4d5a5b7df37",
      "Relationships": [
        {
          "Type": "CHILD",
          "Ids": [
            "b39f767d-2da4-47af-89c7-71e0eb689ffb"
          ]
        }
      ],
      "Page": 1
    },
    {
      "BlockType": "LINE",
      "Confidence": 99.87287139892578,
      "Text": "CNT-SD",
      "Geometry": {
        "BoundingBox": {
          "Width": 0.04742783308029175,
          "Height": 0.016194980591535568,
          "Left": 0.248606875538826,
          "Top": 0.44364622235298157
        },
        "Polygon": [
          {
            "X": 0.248606875538826,
            "Y": 0.44371479749679565
          },
          {
            "X": 0.29595184326171875,
            "Y": 0.44364622235298157
          },
          {
            "X": 0.29603469371795654,
            "Y": 0.459774911403656
          },
          {
            "X": 0.2486853301525116,
            "Y": 0.45984119176864624
          }
        ]
      },
      "Id": "61700574-8da7-4a93-adff-2e324df196db",
      "Relationships": [
        {
          "Type": "CHILD",
          "Ids": [
            "acedfd6f-247a-49d9-80c2-778160da1b94"
          ]
        }
      ],
      "Page": 1
    },
    {
      "BlockType": "LINE",
      "Confidence": 95.49057006835938,
      "Text": "-",
      "Geometry": {
        "BoundingBox": {
          "Width": 0.007618557661771774,
          "Height": 0.0033885363955050707,
          "Left": 0.39767977595329285,
          "Top": 0.4525735378265381
        },
        "Polygon": [
          {
            "X": 0.39767977595329285,
            "Y": 0.45258432626724243
          },
          {
            "X": 0.4052788317203522,
            "Y": 0.4525735378265381
          },
          {
            "X": 0.4052983224391937,
            "Y": 0.4559513330459595
          },
          {
            "X": 0.39769911766052246,
            "Y": 0.45596206188201904
          }
        ]
      },
      "Id": "33d78120-94a8-45cb-ac78-cbd917354d65",
      "Relationships": [
        {
          "Type": "CHILD",
          "Ids": [
            "d9bbf2e4-f9bf-4f58-bae3-851e81b61c98"
          ]
        }
      ],
      "Page": 1
    },
    {
      "BlockType": "LINE",
      "Confidence": 99.27325439453125,
      "Text": "-",
      "Geometry": {
        "BoundingBox": {
          "Width": 0.007690779864788055,
          "Height": 0.003174595534801483,
          "Left": 0.5876879692077637,
          "Top": 0.4525738060474396
        },
        "Polygon": [
          {
            "X": 0.5876879692077637,
            "Y": 0.4525846838951111
          },
          {
            "X": 0.5953570008277893,
            "Y": 0.4525738060474396
          },
          {
            "X": 0.5953787565231323,
            "Y": 0.4557375907897949
          },
          {
            "X": 0.5877095460891724,
            "Y": 0.45574840903282166
          }
        ]
      },
      "Id": "baa350d9-c440-4c11-8757-2d43eb827b48",
      "Relationships": [
        {
          "Type": "CHILD",
          "Ids": [
            "ecc26ad9-6351-4968-82f2-7bbe0cbd20cf"
          ]
        }
      ],
      "Page": 1
    },
    {
      "BlockType": "LINE",
      "Confidence": 98.87995147705078,
      "Text": "-",
      "Geometry": {
        "BoundingBox": {
          "Width": 0.007700774818658829,
          "Height": 0.0035327142104506493,
          "Left": 0.6749419569969177,
          "Top": 0.4523955285549164
        },
        "Polygon": [
          {
            "X": 0.6749419569969177,
            "Y": 0.4524064064025879
          },
          {
            "X": 0.6826167702674866,
            "Y": 0.4523955285549164
          },
          {
            "X": 0.6826426982879639,
            "Y": 0.4559174180030823
          },
          {
            "X": 0.6749677658081055,
            "Y": 0.455928236246109
          }
        ]
      },
      "Id": "77622490-8171-49da-a09d-a747981fdd64",
      "Relationships": [
        {
          "Type": "CHILD",
          "Ids": [
            "40a0ac54-9a54-46f7-a8da-269029f035fd"
          ]
        }
      ],
      "Page": 1
    },
    {
      "BlockType": "LINE",
      "Confidence": 76.01638793945312,
      "Text": "CNT-SD_DETASi",
      "Geometry": {
        "BoundingBox": {
          "Width": 0.09874625504016876,
          "Height": 0.019860614091157913,
          "Left": 0.24865975975990295,
          "Top": 0.4722931683063507
        },
        "Polygon": [
          {
            "X": 0.24865975975990295,
            "Y": 0.47242745757102966
          },
          {
            "X": 0.347298800945282,
            "Y": 0.4722931683063507
          },
          {
            "X": 0.3474060297012329,
            "Y": 0.49202537536621094
          },
          {
            "X": 0.24875572323799133,
            "Y": 0.4921537935733795
          }
        ]
      },
      "Id": "6e8e9455-7f8d-4195-8a35-4b4f117e1a97",
      "Relationships": [
        {
          "Type": "CHILD",
          "Ids": [
            "6785a392-cc1e-45e6-a855-1e3475904b35"
          ]
        }
      ],
      "Page": 1
    },
    {
      "BlockType": "LINE",
      "Confidence": 98.7169418334961,
      "Text": "19.5",
      "Geometry": {
        "BoundingBox": {
          "Width": 0.026420144364237785,
          "Height": 0.016613222658634186,
          "Left": 0.38999733328819275,
          "Top": 0.4726909101009369
        },
        "Polygon": [
          {
            "X": 0.38999733328819275,
            "Y": 0.4727267026901245
          },
          {
            "X": 0.4163207709789276,
            "Y": 0.4726909101009369
          },
          {
            "X": 0.4164174795150757,
            "Y": 0.4892696440219879
          },
          {
            "X": 0.3900914788246155,
            "Y": 0.4893041253089905
          }
        ]
      },
      "Id": "3773d331-d54c-4248-878b-e2ec92095a25",
      "Relationships": [
        {
          "Type": "CHILD",
          "Ids": [
            "3804bf97-96f8-40c2-be27-4a9fd587f512"
          ]
        }
      ],
      "Page": 1
    },
    {
      "BlockType": "LINE",
      "Confidence": 99.8520278930664,
      "Text": "26.50",
      "Geometry": {
        "BoundingBox": {
          "Width": 0.03490810841321945,
          "Height": 0.01651296205818653,
          "Left": 0.579258382320404,
          "Top": 0.4727427065372467
        },
        "Polygon": [
          {
            "X": 0.579258382320404,
            "Y": 0.472790002822876
          },
          {
            "X": 0.6140516400337219,
            "Y": 0.4727427065372467
          },
          {
            "X": 0.6141664981842041,
            "Y": 0.4892101287841797
          },
          {
            "X": 0.5793699026107788,
            "Y": 0.4892556667327881
          }
        ]
      },
      "Id": "ef994f6c-5106-42d1-b559-419ab0059fcc",
      "Relationships": [
        {
          "Type": "CHILD",
          "Ids": [
            "8c20e954-6e32-4dd0-bfc6-b92ec553c69f"
          ]
        }
      ],
      "Page": 1
    },
    {
      "BlockType": "LINE",
      "Confidence": 99.82341766357422,
      "Text": "-38.83",
      "Geometry": {
        "BoundingBox": {
          "Width": 0.042322829365730286,
          "Height": 0.016455134376883507,
          "Left": 0.674727737903595,
          "Top": 0.47278326749801636
        },
        "Polygon": [
          {
            "X": 0.674727737903595,
            "Y": 0.4728405773639679
          },
          {
            "X": 0.7169264554977417,
            "Y": 0.47278326749801636
          },
          {
            "X": 0.7170505523681641,
            "Y": 0.4891831576824188
          },
          {
            "X": 0.6748478412628174,
            "Y": 0.4892383813858032
          }
        ]
      },
      "Id": "79ca9a64-8bed-4d38-be51-7320ec9370ad",
      "Relationships": [
        {
          "Type": "CHILD",
          "Ids": [
            "f4f73e03-badf-48c9-881b-903dcfb296dc"
          ]
        }
      ],
      "Page": 1
    },
    {
      "BlockType": "LINE",
      "Confidence": 99.8655776977539,
      "Text": "CNT-OH",
      "Geometry": {
        "BoundingBox": {
          "Width": 0.051210008561611176,
          "Height": 0.016441691666841507,
          "Left": 0.24848756194114685,
          "Top": 0.5018527507781982
        },
        "Polygon": [
          {
            "X": 0.24848756194114685,
            "Y": 0.5019177794456482
          },
          {
            "X": 0.2996130883693695,
            "Y": 0.5018527507781982
          },
          {
            "X": 0.2996975779533386,
            "Y": 0.5182319283485413
          },
          {
            "X": 0.24856720864772797,
            "Y": 0.5182944536209106
          }
        ]
      },
      "Id": "6f3f3457-eea8-4732-b2b2-bdcee07af79d",
      "Relationships": [
        {
          "Type": "CHILD",
          "Ids": [
            "37466d76-a245-41ae-9434-8d3ba6dcef5b"
          ]
        }
      ],
      "Page": 1
    },
    {
      "BlockType": "LINE",
      "Confidence": 96.27799224853516,
      "Text": "-",
      "Geometry": {
        "BoundingBox": {
          "Width": 0.007737553678452969,
          "Height": 0.0036508431658148766,
          "Left": 0.39765018224716187,
          "Top": 0.5106844305992126
        },
        "Polygon": [
          {
            "X": 0.39765018224716187,
            "Y": 0.5106940269470215
          },
          {
            "X": 0.4053667485713959,
            "Y": 0.5106844305992126
          },
          {
            "X": 0.4053877592086792,
            "Y": 0.514325737953186
          },
          {
            "X": 0.39767104387283325,
            "Y": 0.5143352746963501
          }
        ]
      },
      "Id": "0b0dd42f-547e-44da-9e1f-b7c190562959",
      "Relationships": [
        {
          "Type": "CHILD",
          "Ids": [
            "e33491f1-5baa-4c25-893a-7fb9ef88da3e"
          ]
        }
      ],
      "Page": 1
    },
    {
      "BlockType": "LINE",
      "Confidence": 99.54556274414062,
      "Text": "-",
      "Geometry": {
        "BoundingBox": {
          "Width": 0.007654261309653521,
          "Height": 0.003508789697661996,
          "Left": 0.5876175761222839,
          "Top": 0.5107147097587585
        },
        "Polygon": [
          {
            "X": 0.5876175761222839,
            "Y": 0.5107241868972778
          },
          {
            "X": 0.5952478051185608,
            "Y": 0.5107147097587585
          },
          {
            "X": 0.5952718257904053,
            "Y": 0.5142140984535217
          },
          {
            "X": 0.5876414179801941,
            "Y": 0.5142235159873962
          }
        ]
      },
      "Id": "75cf0b0b-e198-4500-b209-b4eb73744765",
      "Relationships": [
        {
          "Type": "CHILD",
          "Ids": [
            "a7f1e951-8af5-4567-b484-820f189d83f4"
          ]
        }
      ],
      "Page": 1
    },
    {
      "BlockType": "LINE",
      "Confidence": 98.99933624267578,
      "Text": "-",
      "Geometry": {
        "BoundingBox": {
          "Width": 0.00783205684274435,
          "Height": 0.0034768814221024513,
          "Left": 0.6747837662696838,
          "Top": 0.5108003616333008
        },
        "Polygon": [
          {
            "X": 0.6747837662696838,
            "Y": 0.5108100771903992
          },
          {
            "X": 0.6825903058052063,
            "Y": 0.5108003616333008
          },
          {
            "X": 0.6826158761978149,
            "Y": 0.51426762342453
          },
          {
            "X": 0.6748091578483582,
            "Y": 0.5142772197723389
          }
        ]
      },
      "Id": "c2743c4c-b527-41f3-ac7f-be1f3b6d59db",
      "Relationships": [
        {
          "Type": "CHILD",
          "Ids": [
            "04debcd1-bb59-4473-9b34-16064810331e"
          ]
        }
      ],
      "Page": 1
    },
    {
      "BlockType": "LINE",
      "Confidence": 67.35214233398438,
      "Text": "CNT-OH_DETASi",
      "Geometry": {
        "BoundingBox": {
          "Width": 0.101474829018116,
          "Height": 0.019046008586883545,
          "Left": 0.24904517829418182,
          "Top": 0.5310440063476562
        },
        "Polygon": [
          {
            "X": 0.24904517829418182,
            "Y": 0.5311639308929443
          },
          {
            "X": 0.35041680932044983,
            "Y": 0.5310440063476562
          },
          {
            "X": 0.3505200147628784,
            "Y": 0.5499758720397949
          },
          {
            "X": 0.2491372525691986,
            "Y": 0.5500900149345398
          }
        ]
      },
      "Id": "8b8419e1-f74d-40cb-aef7-750b9015daf3",
      "Relationships": [
        {
          "Type": "CHILD",
          "Ids": [
            "cf27dcce-f68f-43e3-b27e-5e6911783f75"
          ]
        }
      ],
      "Page": 1
    },
    {
      "BlockType": "LINE",
      "Confidence": 99.9448471069336,
      "Text": "3.17",
      "Geometry": {
        "BoundingBox": {
          "Width": 0.026882970705628395,
          "Height": 0.016799122095108032,
          "Left": 0.3971877098083496,
          "Top": 0.5309284329414368
        },
        "Polygon": [
          {
            "X": 0.3971877098083496,
            "Y": 0.5309601426124573
          },
          {
            "X": 0.4239721894264221,
            "Y": 0.5309284329414368
          },
          {
            "X": 0.42407068610191345,
            "Y": 0.5476972460746765
          },
          {
            "X": 0.3972836434841156,
            "Y": 0.5477275848388672
          }
        ]
      },
      "Id": "673bb718-a64d-46b8-aab8-015037bce7dc",
      "Relationships": [
        {
          "Type": "CHILD",
          "Ids": [
            "f1975a8f-e60c-447e-bd21-bec44bceaaa1"
          ]
        }
      ],
      "Page": 1
    },
    {
      "BlockType": "LINE",
      "Confidence": 99.95126342773438,
      "Text": "36.16",
      "Geometry": {
        "BoundingBox": {
          "Width": 0.03462234139442444,
          "Height": 0.016779739409685135,
          "Left": 0.5794563293457031,
          "Top": 0.5308265686035156
        },
        "Polygon": [
          {
            "X": 0.5794563293457031,
            "Y": 0.5308673977851868
          },
          {
            "X": 0.6139619946479797,
            "Y": 0.5308265686035156
          },
          {
            "X": 0.61407870054245,
            "Y": 0.5475672483444214
          },
          {
            "X": 0.5795696973800659,
            "Y": 0.547606348991394
          }
        ]
      },
      "Id": "59f69d86-8485-4a0d-b9f2-833a592fdf1f",
      "Relationships": [
        {
          "Type": "CHILD",
          "Ids": [
            "bf10a91d-b6d5-4b42-914c-e903e3419e4c"
          ]
        }
      ],
      "Page": 1
    },
    {
      "BlockType": "LINE",
      "Confidence": 99.65348815917969,
      "Text": "-93.67",
      "Geometry": {
        "BoundingBox": {
          "Width": 0.04332154244184494,
          "Height": 0.016777606680989265,
          "Left": 0.6743407249450684,
          "Top": 0.5309783816337585
        },
        "Polygon": [
          {
            "X": 0.6743407249450684,
            "Y": 0.531029462814331
          },
          {
            "X": 0.717535674571991,
            "Y": 0.5309783816337585
          },
          {
            "X": 0.7176622748374939,
            "Y": 0.5477070808410645
          },
          {
            "X": 0.674463152885437,
            "Y": 0.5477559566497803
          }
        ]
      },
      "Id": "a29378fe-58ad-430e-b478-48ac59b1b747",
      "Relationships": [
        {
          "Type": "CHILD",
          "Ids": [
            "97129f93-19e0-4b4f-b32e-5b4f1a56b603"
          ]
        }
      ],
      "Page": 1
    },
    {
      "BlockType": "LINE",
      "Confidence": 99.80354309082031,
      "Text": "CNT-COOH",
      "Geometry": {
        "BoundingBox": {
          "Width": 0.07005054503679276,
          "Height": 0.016392137855291367,
          "Left": 0.2482619434595108,
          "Top": 0.5590320229530334
        },
        "Polygon": [
          {
            "X": 0.2482619434595108,
            "Y": 0.5591088533401489
          },
          {
            "X": 0.3182266056537628,
            "Y": 0.5590320229530334
          },
          {
            "X": 0.31831249594688416,
            "Y": 0.5753507614135742
          },
          {
            "X": 0.24834123253822327,
            "Y": 0.5754241347312927
          }
        ]
      },
      "Id": "9d1c4aa8-ffbc-4be2-b4d9-7e8ea903555e",
      "Relationships": [
        {
          "Type": "CHILD",
          "Ids": [
            "d393463e-aeee-4241-b580-b26391580416"
          ]
        }
      ],
      "Page": 1
    },
    {
      "BlockType": "LINE",
      "Confidence": 99.97107696533203,
      "Text": "0.08",
      "Geometry": {
        "BoundingBox": {
          "Width": 0.026989972218871117,
          "Height": 0.01590568572282791,
          "Left": 0.3971163332462311,
          "Top": 0.5592707395553589
        },
        "Polygon": [
          {
            "X": 0.3971163332462311,
            "Y": 0.5593002438545227
          },
          {
            "X": 0.42401304841041565,
            "Y": 0.5592707395553589
          },
          {
            "X": 0.42410629987716675,
            "Y": 0.5751481652259827
          },
          {
            "X": 0.3972071409225464,
            "Y": 0.5751764178276062
          }
        ]
      },
      "Id": "082118e1-bebf-4562-ad6d-743e4581e23d",
      "Relationships": [
        {
          "Type": "CHILD",
          "Ids": [
            "0138d995-2f24-466b-ba82-e92438a3d6cd"
          ]
        }
      ],
      "Page": 1
    },
    {
      "BlockType": "LINE",
      "Confidence": 99.93379974365234,
      "Text": "44.62",
      "Geometry": {
        "BoundingBox": {
          "Width": 0.035020988434553146,
          "Height": 0.01651586778461933,
          "Left": 0.579308271408081,
          "Top": 0.5590143203735352
        },
        "Polygon": [
          {
            "X": 0.579308271408081,
            "Y": 0.5590526461601257
          },
          {
            "X": 0.6142143607139587,
            "Y": 0.5590143203735352
          },
          {
            "X": 0.6143292188644409,
            "Y": 0.5754936337471008
          },
          {
            "X": 0.5794197916984558,
            "Y": 0.5755302309989929
          }
        ]
      },
      "Id": "39152ede-8f7b-4a16-97e8-89d26ceb8096",
      "Relationships": [
        {
          "Type": "CHILD",
          "Ids": [
            "b617826a-c400-4030-af5e-623029aa54d3"
          ]
        }
      ],
      "Page": 1
    },
    {
      "BlockType": "LINE",
      "Confidence": 98.67916107177734,
      "Text": "-",
      "Geometry": {
        "BoundingBox": {
          "Width": 0.007852013222873211,
          "Height": 0.003957459703087807,
          "Left": 0.6749090552330017,
          "Top": 0.5677291750907898
        },
        "Polygon": [
          {
            "X": 0.6749090552330017,
            "Y": 0.5677375793457031
          },
          {
            "X": 0.6827319860458374,
            "Y": 0.5677291750907898
          },
          {
            "X": 0.6827610731124878,
            "Y": 0.5716784000396729
          },
          {
            "X": 0.6749379634857178,
            "Y": 0.5716866850852966
          }
        ]
      },
      "Id": "307f4c37-c0bb-4310-aa5b-03c9f394f839",
      "Relationships": [
        {
          "Type": "CHILD",
          "Ids": [
            "461752fe-dad0-4716-af24-a1872067bab6"
          ]
        }
      ],
      "Page": 1
    },
    {
      "BlockType": "LINE",
      "Confidence": 98.28732299804688,
      "Text": "CNT-",
      "Geometry": {
        "BoundingBox": {
          "Width": 0.03089774027466774,
          "Height": 0.01617482863366604,
          "Left": 0.24848616123199463,
          "Top": 0.5883938670158386
        },
        "Polygon": [
          {
            "X": 0.24848616123199463,
            "Y": 0.5884249806404114
          },
          {
            "X": 0.27930256724357605,
            "Y": 0.5883938670158386
          },
          {
            "X": 0.27938389778137207,
            "Y": 0.6045390963554382
          },
          {
            "X": 0.24856461584568024,
            "Y": 0.6045686602592468
          }
        ]
      },
      "Id": "98fde164-a194-46cc-a9b4-637cfce09192",
      "Relationships": [
        {
          "Type": "CHILD",
          "Ids": [
            "6aa0ce64-3a76-439d-964c-d8d2197e1cda"
          ]
        }
      ],
      "Page": 1
    },
    {
      "BlockType": "LINE",
      "Confidence": 99.97415161132812,
      "Text": "99.89",
      "Geometry": {
        "BoundingBox": {
          "Width": 0.034822557121515274,
          "Height": 0.01710137166082859,
          "Left": 0.38945722579956055,
          "Top": 0.5881375670433044
        },
        "Polygon": [
          {
            "X": 0.38945722579956055,
            "Y": 0.5881726145744324
          },
          {
            "X": 0.4241795241832733,
            "Y": 0.5881375670433044
          },
          {
            "X": 0.4242797791957855,
            "Y": 0.6052056550979614
          },
          {
            "X": 0.38955405354499817,
            "Y": 0.6052389740943909
          }
        ]
      },
      "Id": "89d5d8dc-39ee-4f1f-9111-69a3f3a31c80",
      "Relationships": [
        {
          "Type": "CHILD",
          "Ids": [
            "87ad9772-5cde-4c7e-a5fe-f1c421db8a72"
          ]
        }
      ],
      "Page": 1
    },
    {
      "BlockType": "LINE",
      "Confidence": 99.9666976928711,
      "Text": "14.26",
      "Geometry": {
        "BoundingBox": {
          "Width": 0.03415398672223091,
          "Height": 0.01678132824599743,
          "Left": 0.5800663828849792,
          "Top": 0.588078498840332
        },
        "Polygon": [
          {
            "X": 0.5800663828849792,
            "Y": 0.5881128907203674
          },
          {
            "X": 0.6141036152839661,
            "Y": 0.588078498840332
          },
          {
            "X": 0.614220380783081,
            "Y": 0.6048272252082825
          },
          {
            "X": 0.5801798105239868,
            "Y": 0.6048598289489746
          }
        ]
      },
      "Id": "40d1c638-be60-492b-adb3-88df881fdfdd",
      "Relationships": [
        {
          "Type": "CHILD",
          "Ids": [
            "705a19ae-6b7f-4c4b-b862-09cb61e57b92"
          ]
        }
      ],
      "Page": 1
    },
    {
      "BlockType": "LINE",
      "Confidence": 99.610595703125,
      "Text": "-6.95",
      "Geometry": {
        "BoundingBox": {
          "Width": 0.034681156277656555,
          "Height": 0.01664021611213684,
          "Left": 0.6747993230819702,
          "Top": 0.5881938934326172
        },
        "Polygon": [
          {
            "X": 0.6747993230819702,
            "Y": 0.5882287621498108
          },
          {
            "X": 0.7093556523323059,
            "Y": 0.5881938934326172
          },
          {
            "X": 0.7094805240631104,
            "Y": 0.6048009395599365
          },
          {
            "X": 0.674920916557312,
            "Y": 0.6048340797424316
          }
        ]
      },
      "Id": "3aa24a15-2dfb-4e3c-bb32-5b2866c00bff",
      "Relationships": [
        {
          "Type": "CHILD",
          "Ids": [
            "d186df3c-6531-478b-8870-d8c2bbd808aa"
          ]
        }
      ],
      "Page": 1
    },
    {
      "BlockType": "LINE",
      "Confidence": 86.49314880371094,
      "Text": "-",
      "Geometry": {
        "BoundingBox": {
          "Width": 0.006842439994215965,
          "Height": 0.0040966421365737915,
          "Left": 0.6750718355178833,
          "Top": 0.5969441533088684
        },
        "Polygon": [
          {
            "X": 0.6750718355178833,
            "Y": 0.596950888633728
          },
          {
            "X": 0.6818841695785522,
            "Y": 0.5969441533088684
          },
          {
            "X": 0.6819142699241638,
            "Y": 0.6010342240333557
          },
          {
            "X": 0.6751017570495605,
            "Y": 0.6010408401489258
          }
        ]
      },
      "Id": "e75d16be-ce18-4b02-8b61-5c2ae73e9ed0",
      "Relationships": [
        {
          "Type": "CHILD",
          "Ids": [
            "b5cb34a2-90b0-42f6-be1d-08ada16bfc7a"
          ]
        }
      ],
      "Page": 1
    },
    {
      "BlockType": "LINE",
      "Confidence": 98.64472961425781,
      "Text": "COOH DETASi",
      "Geometry": {
        "BoundingBox": {
          "Width": 0.0894351676106453,
          "Height": 0.01582433469593525,
          "Left": 0.2613357901573181,
          "Top": 0.6177170872688293
        },
        "Polygon": [
          {
            "X": 0.2613357901573181,
            "Y": 0.6177993416786194
          },
          {
            "X": 0.35068514943122864,
            "Y": 0.6177170872688293
          },
          {
            "X": 0.3507709503173828,
            "Y": 0.633463442325592
          },
          {
            "X": 0.26141345500946045,
            "Y": 0.633541464805603
          }
        ]
      },
      "Id": "76f83de1-94ee-4645-8f18-ade5e7d5cec0",
      "Relationships": [
        {
          "Type": "CHILD",
          "Ids": [
            "43e67d7c-f63d-4fd3-be3f-3d3138095d99",
            "21ff70d1-c8e7-413f-9b14-12df48793111"
          ]
        }
      ],
      "Page": 1
    },
    {
      "BlockType": "WORD",
      "Confidence": 99.951171875,
      "Text": "Material",
      "TextType": "PRINTED",
      "Geometry": {
        "BoundingBox": {
          "Width": 0.050947513431310654,
          "Height": 0.017124246805906296,
          "Left": 0.24834482371807098,
          "Top": 0.3697960078716278
        },
        "Polygon": [
          {
            "X": 0.24834482371807098,
            "Y": 0.3698810636997223
          },
          {
            "X": 0.29920440912246704,
            "Y": 0.3697960078716278
          },
          {
            "X": 0.29929232597351074,
            "Y": 0.38683781027793884
          },
          {
            "X": 0.24842773377895355,
            "Y": 0.3869202435016632
          }
        ]
      },
      "Id": "9b49b80c-67c1-4c4c-8735-94ecac529cbd",
      "Page": 1
    },
    {
      "BlockType": "WORD",
      "Confidence": 83.65476989746094,
      "Text": "KH",
      "TextType": "PRINTED",
      "Geometry": {
        "BoundingBox": {
          "Width": 0.01762235537171364,
          "Height": 0.019942356273531914,
          "Left": 0.3888050615787506,
          "Top": 0.3704261779785156
        },
        "Polygon": [
          {
            "X": 0.3888050615787506,
            "Y": 0.37045544385910034
          },
          {
            "X": 0.40631234645843506,
            "Y": 0.3704261779785156
          },
          {
            "X": 0.40642741322517395,
            "Y": 0.3903403580188751
          },
          {
            "X": 0.38891810178756714,
            "Y": 0.3903685510158539
          }
        ]
      },
      "Id": "3c695670-8673-4917-b65f-9c545a722154",
      "Page": 1
    },
    {
      "BlockType": "WORD",
      "Confidence": 29.346790313720703,
      "Text": "(mol-kg-1.kpa-1)",
      "TextType": "PRINTED",
      "Geometry": {
        "BoundingBox": {
          "Width": 0.1081656962633133,
          "Height": 0.0263112410902977,
          "Left": 0.4098568260669708,
          "Top": 0.36498895287513733
        },
        "Polygon": [
          {
            "X": 0.4098568260669708,
            "Y": 0.36517104506492615
          },
          {
            "X": 0.517854630947113,
            "Y": 0.36498895287513733
          },
          {
            "X": 0.5180225372314453,
            "Y": 0.3911266326904297
          },
          {
            "X": 0.41000834107398987,
            "Y": 0.39130017161369324
          }
        ]
      },
      "Id": "3d9732f0-e602-4e84-bab3-3b38d725e276",
      "Page": 1
    },
    {
      "BlockType": "WORD",
      "Confidence": 71.77880096435547,
      "Text": "X",
      "TextType": "PRINTED",
      "Geometry": {
        "BoundingBox": {
          "Width": 0.008585433475673199,
          "Height": 0.012616734951734543,
          "Left": 0.5209665894508362,
          "Top": 0.3743744194507599
        },
        "Polygon": [
          {
            "X": 0.5209665894508362,
            "Y": 0.37438851594924927
          },
          {
            "X": 0.5294702053070068,
            "Y": 0.3743744194507599
          },
          {
            "X": 0.5295519828796387,
            "Y": 0.3869773745536804
          },
          {
            "X": 0.5210477113723755,
            "Y": 0.38699114322662354
          }
        ]
      },
      "Id": "654cd7f2-567c-4c96-9b43-1d2d01075a8f",
      "Page": 1
    },
    {
      "BlockType": "WORD",
      "Confidence": 96.14668273925781,
      "Text": "C1",
      "TextType": "PRINTED",
      "Geometry": {
        "BoundingBox": {
          "Width": 0.012813775800168514,
          "Height": 0.02017924375832081,
          "Left": 0.579850435256958,
          "Top": 0.3703632652759552
        },
        "Polygon": [
          {
            "X": 0.579850435256958,
            "Y": 0.37038442492485046
          },
          {
            "X": 0.5925260782241821,
            "Y": 0.3703632652759552
          },
          {
            "X": 0.5926642417907715,
            "Y": 0.3905221223831177
          },
          {
            "X": 0.5799871683120728,
            "Y": 0.39054250717163086
          }
        ]
      },
      "Id": "8a47bad6-97f7-414b-a81b-cb03bcfe002c",
      "Page": 1
    },
    {
      "BlockType": "WORD",
      "Confidence": 97.50232696533203,
      "Text": "C2",
      "TextType": "PRINTED",
      "Geometry": {
        "BoundingBox": {
          "Width": 0.014178265817463398,
          "Height": 0.020208127796649933,
          "Left": 0.67561274766922,
          "Top": 0.37046289443969727
        },
        "Polygon": [
          {
            "X": 0.67561274766922,
            "Y": 0.370486319065094
          },
          {
            "X": 0.6896412968635559,
            "Y": 0.37046289443969727
          },
          {
            "X": 0.6897909641265869,
            "Y": 0.3906484842300415
          },
          {
            "X": 0.6757607460021973,
            "Y": 0.3906710147857666
          }
        ]
      },
      "Id": "c0c8aa24-ac44-4eaf-970f-6bc59f6f0bb1",
      "Page": 1
    },
    {
      "BlockType": "WORD",
      "Confidence": 72.81770324707031,
      "Text": "10-2",
      "TextType": "PRINTED",
      "Geometry": {
        "BoundingBox": {
          "Width": 0.029016835615038872,
          "Height": 0.0222008116543293,
          "Left": 0.3899039030075073,
          "Top": 0.3940781056880951
        },
        "Polygon": [
          {
            "X": 0.3899039030075073,
            "Y": 0.39412426948547363
          },
          {
            "X": 0.41879114508628845,
            "Y": 0.3940781056880951
          },
          {
            "X": 0.41892075538635254,
            "Y": 0.41623467206954956
          },
          {
            "X": 0.39002978801727295,
            "Y": 0.4162788987159729
          }
        ]
      },
      "Id": "7b870b56-2353-4c4f-936d-96b6b8672383",
      "Page": 1
    },
    {
      "BlockType": "WORD",
      "Confidence": 30.556211471557617,
      "Text": "kg.mol-¹",
      "TextType": "PRINTED",
      "Geometry": {
        "BoundingBox": {
          "Width": 0.05525166168808937,
          "Height": 0.02670610137283802,
          "Left": 0.578829288482666,
          "Top": 0.3946187496185303
        },
        "Polygon": [
          {
            "X": 0.578829288482666,
            "Y": 0.3947066068649292
          },
          {
            "X": 0.6338921785354614,
            "Y": 0.3946187496185303
          },
          {
            "X": 0.6340809464454651,
            "Y": 0.4212414026260376
          },
          {
            "X": 0.5790095925331116,
            "Y": 0.42132484912872314
          }
        ]
      },
      "Id": "b39f767d-2da4-47af-89c7-71e0eb689ffb",
      "Page": 1
    },
    {
      "BlockType": "WORD",
      "Confidence": 99.87287139892578,
      "Text": "CNT-SD",
      "TextType": "PRINTED",
      "Geometry": {
        "BoundingBox": {
          "Width": 0.04742783308029175,
          "Height": 0.016194980591535568,
          "Left": 0.248606875538826,
          "Top": 0.44364622235298157
        },
        "Polygon": [
          {
            "X": 0.248606875538826,
            "Y": 0.44371479749679565
          },
          {
            "X": 0.29595184326171875,
            "Y": 0.44364622235298157
          },
          {
            "X": 0.29603469371795654,
            "Y": 0.459774911403656
          },
          {
            "X": 0.2486853301525116,
            "Y": 0.45984119176864624
          }
        ]
      },
      "Id": "acedfd6f-247a-49d9-80c2-778160da1b94",
      "Page": 1
    },
    {
      "BlockType": "WORD",
      "Confidence": 95.49057006835938,
      "Text": "-",
      "TextType": "PRINTED",
      "Geometry": {
        "BoundingBox": {
          "Width": 0.007618557661771774,
          "Height": 0.0033885363955050707,
          "Left": 0.39767977595329285,
          "Top": 0.4525735378265381
        },
        "Polygon": [
          {
            "X": 0.39767977595329285,
            "Y": 0.45258432626724243
          },
          {
            "X": 0.4052788317203522,
            "Y": 0.4525735378265381
          },
          {
            "X": 0.4052983224391937,
            "Y": 0.4559513330459595
          },
          {
            "X": 0.39769911766052246,
            "Y": 0.45596206188201904
          }
        ]
      },
      "Id": "d9bbf2e4-f9bf-4f58-bae3-851e81b61c98",
      "Page": 1
    },
    {
      "BlockType": "WORD",
      "Confidence": 99.27325439453125,
      "Text": "-",
      "TextType": "PRINTED",
      "Geometry": {
        "BoundingBox": {
          "Width": 0.007690779864788055,
          "Height": 0.003174595534801483,
          "Left": 0.5876879692077637,
          "Top": 0.4525738060474396
        },
        "Polygon": [
          {
            "X": 0.5876879692077637,
            "Y": 0.4525846838951111
          },
          {
            "X": 0.5953570008277893,
            "Y": 0.4525738060474396
          },
          {
            "X": 0.5953787565231323,
            "Y": 0.4557375907897949
          },
          {
            "X": 0.5877095460891724,
            "Y": 0.45574840903282166
          }
        ]
      },
      "Id": "ecc26ad9-6351-4968-82f2-7bbe0cbd20cf",
      "Page": 1
    },
    {
      "BlockType": "WORD",
      "Confidence": 98.87995147705078,
      "Text": "-",
      "TextType": "PRINTED",
      "Geometry": {
        "BoundingBox": {
          "Width": 0.007700774818658829,
          "Height": 0.0035327142104506493,
          "Left": 0.6749419569969177,
          "Top": 0.4523955285549164
        },
        "Polygon": [
          {
            "X": 0.6749419569969177,
            "Y": 0.4524064064025879
          },
          {
            "X": 0.6826167702674866,
            "Y": 0.4523955285549164
          },
          {
            "X": 0.6826426982879639,
            "Y": 0.4559174180030823
          },
          {
            "X": 0.6749677658081055,
            "Y": 0.455928236246109
          }
        ]
      },
      "Id": "40a0ac54-9a54-46f7-a8da-269029f035fd",
      "Page": 1
    },
    {
      "BlockType": "WORD",
      "Confidence": 76.01638793945312,
      "Text": "CNT-SD_DETASi",
      "TextType": "PRINTED",
      "Geometry": {
        "BoundingBox": {
          "Width": 0.09874625504016876,
          "Height": 0.019860614091157913,
          "Left": 0.24865975975990295,
          "Top": 0.4722931683063507
        },
        "Polygon": [
          {
            "X": 0.24865975975990295,
            "Y": 0.47242745757102966
          },
          {
            "X": 0.347298800945282,
            "Y": 0.4722931683063507
          },
          {
            "X": 0.3474060297012329,
            "Y": 0.49202537536621094
          },
          {
            "X": 0.24875572323799133,
            "Y": 0.4921537935733795
          }
        ]
      },
      "Id": "6785a392-cc1e-45e6-a855-1e3475904b35",
      "Page": 1
    },
    {
      "BlockType": "WORD",
      "Confidence": 98.7169418334961,
      "Text": "19.5",
      "TextType": "PRINTED",
      "Geometry": {
        "BoundingBox": {
          "Width": 0.026420144364237785,
          "Height": 0.016613222658634186,
          "Left": 0.38999733328819275,
          "Top": 0.4726909101009369
        },
        "Polygon": [
          {
            "X": 0.38999733328819275,
            "Y": 0.4727267026901245
          },
          {
            "X": 0.4163207709789276,
            "Y": 0.4726909101009369
          },
          {
            "X": 0.4164174795150757,
            "Y": 0.4892696440219879
          },
          {
            "X": 0.3900914788246155,
            "Y": 0.4893041253089905
          }
        ]
      },
      "Id": "3804bf97-96f8-40c2-be27-4a9fd587f512",
      "Page": 1
    },
    {
      "BlockType": "WORD",
      "Confidence": 99.8520278930664,
      "Text": "26.50",
      "TextType": "PRINTED",
      "Geometry": {
        "BoundingBox": {
          "Width": 0.03490810841321945,
          "Height": 0.01651296205818653,
          "Left": 0.579258382320404,
          "Top": 0.4727427065372467
        },
        "Polygon": [
          {
            "X": 0.579258382320404,
            "Y": 0.472790002822876
          },
          {
            "X": 0.6140516400337219,
            "Y": 0.4727427065372467
          },
          {
            "X": 0.6141664981842041,
            "Y": 0.4892101287841797
          },
          {
            "X": 0.5793699026107788,
            "Y": 0.4892556667327881
          }
        ]
      },
      "Id": "8c20e954-6e32-4dd0-bfc6-b92ec553c69f",
      "Page": 1
    },
    {
      "BlockType": "WORD",
      "Confidence": 99.82341766357422,
      "Text": "-38.83",
      "TextType": "PRINTED",
      "Geometry": {
        "BoundingBox": {
          "Width": 0.042322829365730286,
          "Height": 0.016455134376883507,
          "Left": 0.674727737903595,
          "Top": 0.47278326749801636
        },
        "Polygon": [
          {
            "X": 0.674727737903595,
            "Y": 0.4728405773639679
          },
          {
            "X": 0.7169264554977417,
            "Y": 0.47278326749801636
          },
          {
            "X": 0.7170505523681641,
            "Y": 0.4891831576824188
          },
          {
            "X": 0.6748478412628174,
            "Y": 0.4892383813858032
          }
        ]
      },
      "Id": "f4f73e03-badf-48c9-881b-903dcfb296dc",
      "Page": 1
    },
    {
      "BlockType": "WORD",
      "Confidence": 99.8655776977539,
      "Text": "CNT-OH",
      "TextType": "PRINTED",
      "Geometry": {
        "BoundingBox": {
          "Width": 0.051210008561611176,
          "Height": 0.016441691666841507,
          "Left": 0.24848756194114685,
          "Top": 0.5018527507781982
        },
        "Polygon": [
          {
            "X": 0.24848756194114685,
            "Y": 0.5019177794456482
          },
          {
            "X": 0.2996130883693695,
            "Y": 0.5018527507781982
          },
          {
            "X": 0.2996975779533386,
            "Y": 0.5182319283485413
          },
          {
            "X": 0.24856720864772797,
            "Y": 0.5182944536209106
          }
        ]
      },
      "Id": "37466d76-a245-41ae-9434-8d3ba6dcef5b",
      "Page": 1
    },
    {
      "BlockType": "WORD",
      "Confidence": 96.27799224853516,
      "Text": "-",
      "TextType": "PRINTED",
      "Geometry": {
        "BoundingBox": {
          "Width": 0.007737553678452969,
          "Height": 0.0036508431658148766,
          "Left": 0.39765018224716187,
          "Top": 0.5106844305992126
        },
        "Polygon": [
          {
            "X": 0.39765018224716187,
            "Y": 0.5106940269470215
          },
          {
            "X": 0.4053667485713959,
            "Y": 0.5106844305992126
          },
          {
            "X": 0.4053877592086792,
            "Y": 0.514325737953186
          },
          {
            "X": 0.39767104387283325,
            "Y": 0.5143352746963501
          }
        ]
      },
      "Id": "e33491f1-5baa-4c25-893a-7fb9ef88da3e",
      "Page": 1
    },
    {
      "BlockType": "WORD",
      "Confidence": 99.54556274414062,
      "Text": "-",
      "TextType": "PRINTED",
      "Geometry": {
        "BoundingBox": {
          "Width": 0.007654261309653521,
          "Height": 0.003508789697661996,
          "Left": 0.5876175761222839,
          "Top": 0.5107147097587585
        },
        "Polygon": [
          {
            "X": 0.5876175761222839,
            "Y": 0.5107241868972778
          },
          {
            "X": 0.5952478051185608,
            "Y": 0.5107147097587585
          },
          {
            "X": 0.5952718257904053,
            "Y": 0.5142140984535217
          },
          {
            "X": 0.5876414179801941,
            "Y": 0.5142235159873962
          }
        ]
      },
      "Id": "a7f1e951-8af5-4567-b484-820f189d83f4",
      "Page": 1
    },
    {
      "BlockType": "WORD",
      "Confidence": 98.99933624267578,
      "Text": "-",
      "TextType": "PRINTED",
      "Geometry": {
        "BoundingBox": {
          "Width": 0.00783205684274435,
          "Height": 0.0034768814221024513,
          "Left": 0.6747837662696838,
          "Top": 0.5108003616333008
        },
        "Polygon": [
          {
            "X": 0.6747837662696838,
            "Y": 0.5108100771903992
          },
          {
            "X": 0.6825903058052063,
            "Y": 0.5108003616333008
          },
          {
            "X": 0.6826158761978149,
            "Y": 0.51426762342453
          },
          {
            "X": 0.6748091578483582,
            "Y": 0.5142772197723389
          }
        ]
      },
      "Id": "04debcd1-bb59-4473-9b34-16064810331e",
      "Page": 1
    },
    {
      "BlockType": "WORD",
      "Confidence": 67.35214233398438,
      "Text": "CNT-OH_DETASi",
      "TextType": "PRINTED",
      "Geometry": {
        "BoundingBox": {
          "Width": 0.101474829018116,
          "Height": 0.019046008586883545,
          "Left": 0.24904517829418182,
          "Top": 0.5310440063476562
        },
        "Polygon": [
          {
            "X": 0.24904517829418182,
            "Y": 0.5311639308929443
          },
          {
            "X": 0.35041680932044983,
            "Y": 0.5310440063476562
          },
          {
            "X": 0.3505200147628784,
            "Y": 0.5499758720397949
          },
          {
            "X": 0.2491372525691986,
            "Y": 0.5500900149345398
          }
        ]
      },
      "Id": "cf27dcce-f68f-43e3-b27e-5e6911783f75",
      "Page": 1
    },
    {
      "BlockType": "WORD",
      "Confidence": 99.9448471069336,
      "Text": "3.17",
      "TextType": "PRINTED",
      "Geometry": {
        "BoundingBox": {
          "Width": 0.026882970705628395,
          "Height": 0.016799122095108032,
          "Left": 0.3971877098083496,
          "Top": 0.5309284329414368
        },
        "Polygon": [
          {
            "X": 0.3971877098083496,
            "Y": 0.5309601426124573
          },
          {
            "X": 0.4239721894264221,
            "Y": 0.5309284329414368
          },
          {
            "X": 0.42407068610191345,
            "Y": 0.5476972460746765
          },
          {
            "X": 0.3972836434841156,
            "Y": 0.5477275848388672
          }
        ]
      },
      "Id": "f1975a8f-e60c-447e-bd21-bec44bceaaa1",
      "Page": 1
    },
    {
      "BlockType": "WORD",
      "Confidence": 99.95126342773438,
      "Text": "36.16",
      "TextType": "PRINTED",
      "Geometry": {
        "BoundingBox": {
          "Width": 0.03462234139442444,
          "Height": 0.016779739409685135,
          "Left": 0.5794563293457031,
          "Top": 0.5308265686035156
        },
        "Polygon": [
          {
            "X": 0.5794563293457031,
            "Y": 0.5308673977851868
          },
          {
            "X": 0.6139619946479797,
            "Y": 0.5308265686035156
          },
          {
            "X": 0.61407870054245,
            "Y": 0.5475672483444214
          },
          {
            "X": 0.5795696973800659,
            "Y": 0.547606348991394
          }
        ]
      },
      "Id": "bf10a91d-b6d5-4b42-914c-e903e3419e4c",
      "Page": 1
    },
    {
      "BlockType": "WORD",
      "Confidence": 99.65348815917969,
      "Text": "-93.67",
      "TextType": "PRINTED",
      "Geometry": {
        "BoundingBox": {
          "Width": 0.04332154244184494,
          "Height": 0.016777606680989265,
          "Left": 0.6743407249450684,
          "Top": 0.5309783816337585
        },
        "Polygon": [
          {
            "X": 0.6743407249450684,
            "Y": 0.531029462814331
          },
          {
            "X": 0.717535674571991,
            "Y": 0.5309783816337585
          },
          {
            "X": 0.7176622748374939,
            "Y": 0.5477070808410645
          },
          {
            "X": 0.674463152885437,
            "Y": 0.5477559566497803
          }
        ]
      },
      "Id": "97129f93-19e0-4b4f-b32e-5b4f1a56b603",
      "Page": 1
    },
    {
      "BlockType": "WORD",
      "Confidence": 99.80354309082031,
      "Text": "CNT-COOH",
      "TextType": "PRINTED",
      "Geometry": {
        "BoundingBox": {
          "Width": 0.07005054503679276,
          "Height": 0.016392137855291367,
          "Left": 0.2482619434595108,
          "Top": 0.5590320229530334
        },
        "Polygon": [
          {
            "X": 0.2482619434595108,
            "Y": 0.5591088533401489
          },
          {
            "X": 0.3182266056537628,
            "Y": 0.5590320229530334
          },
          {
            "X": 0.31831249594688416,
            "Y": 0.5753507614135742
          },
          {
            "X": 0.24834123253822327,
            "Y": 0.5754241347312927
          }
        ]
      },
      "Id": "d393463e-aeee-4241-b580-b26391580416",
      "Page": 1
    },
    {
      "BlockType": "WORD",
      "Confidence": 99.97107696533203,
      "Text": "0.08",
      "TextType": "PRINTED",
      "Geometry": {
        "BoundingBox": {
          "Width": 0.026989972218871117,
          "Height": 0.01590568572282791,
          "Left": 0.3971163332462311,
          "Top": 0.5592707395553589
        },
        "Polygon": [
          {
            "X": 0.3971163332462311,
            "Y": 0.5593002438545227
          },
          {
            "X": 0.42401304841041565,
            "Y": 0.5592707395553589
          },
          {
            "X": 0.42410629987716675,
            "Y": 0.5751481652259827
          },
          {
            "X": 0.3972071409225464,
            "Y": 0.5751764178276062
          }
        ]
      },
      "Id": "0138d995-2f24-466b-ba82-e92438a3d6cd",
      "Page": 1
    },
    {
      "BlockType": "WORD",
      "Confidence": 99.93379974365234,
      "Text": "44.62",
      "TextType": "PRINTED",
      "Geometry": {
        "BoundingBox": {
          "Width": 0.035020988434553146,
          "Height": 0.01651586778461933,
          "Left": 0.579308271408081,
          "Top": 0.5590143203735352
        },
        "Polygon": [
          {
            "X": 0.579308271408081,
            "Y": 0.5590526461601257
          },
          {
            "X": 0.6142143607139587,
            "Y": 0.5590143203735352
          },
          {
            "X": 0.6143292188644409,
            "Y": 0.5754936337471008
          },
          {
            "X": 0.5794197916984558,
            "Y": 0.5755302309989929
          }
        ]
      },
      "Id": "b617826a-c400-4030-af5e-623029aa54d3",
      "Page": 1
    },
    {
      "BlockType": "WORD",
      "Confidence": 98.67916107177734,
      "Text": "-",
      "TextType": "PRINTED",
      "Geometry": {
        "BoundingBox": {
          "Width": 0.007852013222873211,
          "Height": 0.003957459703087807,
          "Left": 0.6749090552330017,
          "Top": 0.5677291750907898
        },
        "Polygon": [
          {
            "X": 0.6749090552330017,
            "Y": 0.5677375793457031
          },
          {
            "X": 0.6827319860458374,
            "Y": 0.5677291750907898
          },
          {
            "X": 0.6827610731124878,
            "Y": 0.5716784000396729
          },
          {
            "X": 0.6749379634857178,
            "Y": 0.5716866850852966
          }
        ]
      },
      "Id": "461752fe-dad0-4716-af24-a1872067bab6",
      "Page": 1
    },
    {
      "BlockType": "WORD",
      "Confidence": 98.28732299804688,
      "Text": "CNT-",
      "TextType": "PRINTED",
      "Geometry": {
        "BoundingBox": {
          "Width": 0.03089774027466774,
          "Height": 0.01617482863366604,
          "Left": 0.24848616123199463,
          "Top": 0.5883938670158386
        },
        "Polygon": [
          {
            "X": 0.24848616123199463,
            "Y": 0.5884249806404114
          },
          {
            "X": 0.27930256724357605,
            "Y": 0.5883938670158386
          },
          {
            "X": 0.27938389778137207,
            "Y": 0.6045390963554382
          },
          {
            "X": 0.24856461584568024,
            "Y": 0.6045686602592468
          }
        ]
      },
      "Id": "6aa0ce64-3a76-439d-964c-d8d2197e1cda",
      "Page": 1
    },
    {
      "BlockType": "WORD",
      "Confidence": 99.97415161132812,
      "Text": "99.89",
      "TextType": "PRINTED",
      "Geometry": {
        "BoundingBox": {
          "Width": 0.034822557121515274,
          "Height": 0.01710137166082859,
          "Left": 0.38945722579956055,
          "Top": 0.5881375670433044
        },
        "Polygon": [
          {
            "X": 0.38945722579956055,
            "Y": 0.5881726145744324
          },
          {
            "X": 0.4241795241832733,
            "Y": 0.5881375670433044
          },
          {
            "X": 0.4242797791957855,
            "Y": 0.6052056550979614
          },
          {
            "X": 0.38955405354499817,
            "Y": 0.6052389740943909
          }
        ]
      },
      "Id": "87ad9772-5cde-4c7e-a5fe-f1c421db8a72",
      "Page": 1
    },
    {
      "BlockType": "WORD",
      "Confidence": 99.9666976928711,
      "Text": "14.26",
      "TextType": "PRINTED",
      "Geometry": {
        "BoundingBox": {
          "Width": 0.03415398672223091,
          "Height": 0.01678132824599743,
          "Left": 0.5800663828849792,
          "Top": 0.588078498840332
        },
        "Polygon": [
          {
            "X": 0.5800663828849792,
            "Y": 0.5881128907203674
          },
          {
            "X": 0.6141036152839661,
            "Y": 0.588078498840332
          },
          {
            "X": 0.614220380783081,
            "Y": 0.6048272252082825
          },
          {
            "X": 0.5801798105239868,
            "Y": 0.6048598289489746
          }
        ]
      },
      "Id": "705a19ae-6b7f-4c4b-b862-09cb61e57b92",
      "Page": 1
    },
    {
      "BlockType": "WORD",
      "Confidence": 99.610595703125,
      "Text": "-6.95",
      "TextType": "PRINTED",
      "Geometry": {
        "BoundingBox": {
          "Width": 0.034681156277656555,
          "Height": 0.01664021611213684,
          "Left": 0.6747993230819702,
          "Top": 0.5881938934326172
        },
        "Polygon": [
          {
            "X": 0.6747993230819702,
            "Y": 0.5882287621498108
          },
          {
            "X": 0.7093556523323059,
            "Y": 0.5881938934326172
          },
          {
            "X": 0.7094805240631104,
            "Y": 0.6048009395599365
          },
          {
            "X": 0.674920916557312,
            "Y": 0.6048340797424316
          }
        ]
      },
      "Id": "d186df3c-6531-478b-8870-d8c2bbd808aa",
      "Page": 1
    },
    {
      "BlockType": "WORD",
      "Confidence": 86.49314880371094,
      "Text": "-",
      "TextType": "PRINTED",
      "Geometry": {
        "BoundingBox": {
          "Width": 0.006842439994215965,
          "Height": 0.0040966421365737915,
          "Left": 0.6750718355178833,
          "Top": 0.5969441533088684
        },
        "Polygon": [
          {
            "X": 0.6750718355178833,
            "Y": 0.596950888633728
          },
          {
            "X": 0.6818841695785522,
            "Y": 0.5969441533088684
          },
          {
            "X": 0.6819142699241638,
            "Y": 0.6010342240333557
          },
          {
            "X": 0.6751017570495605,
            "Y": 0.6010408401489258
          }
        ]
      },
      "Id": "b5cb34a2-90b0-42f6-be1d-08ada16bfc7a",
      "Page": 1
    },
    {
      "BlockType": "WORD",
      "Confidence": 99.9683837890625,
      "Text": "COOH",
      "TextType": "PRINTED",
      "Geometry": {
        "BoundingBox": {
          "Width": 0.038575299084186554,
          "Height": 0.015624256804585457,
          "Left": 0.2613365650177002,
          "Top": 0.6179171800613403
        },
        "Polygon": [
          {
            "X": 0.2613365650177002,
            "Y": 0.6179525852203369
          },
          {
            "X": 0.29983147978782654,
            "Y": 0.6179171800613403
          },
          {
            "X": 0.29991185665130615,
            "Y": 0.6335078477859497
          },
          {
            "X": 0.26141345500946045,
            "Y": 0.633541464805603
          }
        ]
      },
      "Id": "43e67d7c-f63d-4fd3-be3f-3d3138095d99",
      "Page": 1
    },
    {
      "BlockType": "WORD",
      "Confidence": 97.32107543945312,
      "Text": "DETASi",
      "TextType": "PRINTED",
      "Geometry": {
        "BoundingBox": {
          "Width": 0.04617409035563469,
          "Height": 0.015498682856559753,
          "Left": 0.30459529161453247,
          "Top": 0.6177170872688293
        },
        "Polygon": [
          {
            "X": 0.30459529161453247,
            "Y": 0.6177595257759094
          },
          {
            "X": 0.35068514943122864,
            "Y": 0.6177170872688293
          },
          {
            "X": 0.35076940059661865,
            "Y": 0.6331755518913269
          },
          {
            "X": 0.3046754002571106,
            "Y": 0.6332157850265503
          }
        ]
      },
      "Id": "21ff70d1-c8e7-413f-9b14-12df48793111",
      "Page": 1
    },
    {
      "BlockType": "TABLE",
      "Confidence": 97.65625,
      "Geometry": {
        "BoundingBox": {
          "Width": 0.5328785181045532,
          "Height": 0.26856929063796997,
          "Left": 0.23482340574264526,
          "Top": 0.3614785373210907
        },
        "Polygon": [
          {
            "X": 0.23482340574264526,
            "Y": 0.36237841844558716
          },
          {
            "X": 0.7655962705612183,
            "Y": 0.3614785373210907
          },
          {
            "X": 0.7677019238471985,
            "Y": 0.6295782923698425
          },
          {
            "X": 0.23610490560531616,
            "Y": 0.6300478577613831
          }
        ]
      },
      "Id": "57c84638-84ff-45e5-8e12-260c62bd5995",
      "Relationships": [
        {
          "Type": "CHILD",
          "Ids": [
            "507c9985-da6c-4d05-b4e6-10bef57ed5dd",
            "40971cfe-8a42-45a1-b30f-f4a094dd9d4a",
            "e146cef2-9d91-4050-ac85-9210397a210e",
            "a5f63786-de5b-4548-9895-41a3abc9c4fe",
            "86ffe82c-d77f-4ddd-ae1e-1f031679af24",
            "4157a0b5-fc72-493a-9516-4c277207f539",
            "7e03f897-776d-459c-944c-fc4fbdd7c9fb",
            "946fbe69-d15e-4c5d-8cc1-de98a6982cb1",
            "6474cd15-73e0-4a3e-851b-248af826b16c",
            "0d736571-63ad-4116-ad44-4cfb7c4530fd",
            "f21ac358-437f-41fc-8610-66c33620f260",
            "6894c5f4-b5de-46e5-b0e9-a24a005016b3",
            "5e8718a4-30ca-4a94-99e6-b70672ca4f03",
            "8c812f0a-0617-4e2f-978c-5a2c5075a38c",
            "f78337fe-a7fd-42d6-8e66-02f3c786291c",
            "00ce47cb-0e9a-4e88-ad67-88ceb49d1883",
            "e765b91c-284b-4dc8-987a-dd405a15f701",
            "6969a3dd-7311-49ca-958f-f524ee1604dd",
            "2fe8f3ba-b3c5-4fb9-ae50-a5b7fbb17f99",
            "3a314d30-1fe3-449d-b34e-0311e12c4813",
            "22d0027a-912b-4854-a391-692f48cb9da8",
            "17f5c82e-fd45-4288-9fa7-c0c08558e90c",
            "b008c173-8bc3-46ba-8842-c953fbdc6a9b",
            "31278f7e-165d-49ed-a78e-b9f414c41c53",
            "8c850e55-889e-421b-9151-56cbeec032ff",
            "ea89a733-92f5-4b39-b61e-08b6247b8e69",
            "84edd552-c61b-4e1d-bdd7-59f847b9e671",
            "2cb79808-033e-4afc-bb46-c6373a1a4c44"
          ]
        }
      ],
      "EntityTypes": [
        "STRUCTURED_TABLE"
      ],
      "Page": 1
    },
    {
      "BlockType": "CELL",
      "Confidence": 68.359375,
      "RowIndex": 1,
      "ColumnIndex": 1,
      "RowSpan": 1,
      "ColumnSpan": 1,
      "Geometry": {
        "BoundingBox": {
          "Width": 0.13757692277431488,
          "Height": 0.06839275360107422,
          "Left": 0.23482340574264526,
          "Top": 0.3621458113193512
        },
        "Polygon": [
          {
            "X": 0.23482340574264526,
            "Y": 0.36237841844558716
          },
          {
            "X": 0.37201982736587524,
            "Y": 0.3621458113193512
          },
          {
            "X": 0.37240034341812134,
            "Y": 0.43033427000045776
          },
          {
            "X": 0.23514972627162933,
            "Y": 0.4305385649204254
          }
        ]
      },
      "Id": "507c9985-da6c-4d05-b4e6-10bef57ed5dd",
      "Relationships": [
        {
          "Type": "CHILD",
          "Ids": [
            "9b49b80c-67c1-4c4c-8735-94ecac529cbd"
          ]
        }
      ],
      "EntityTypes": [
        "COLUMN_HEADER"
      ],
      "Page": 1
    },
    {
      "BlockType": "CELL",
      "Confidence": 70.654296875,
      "RowIndex": 1,
      "ColumnIndex": 2,
      "RowSpan": 1,
      "ColumnSpan": 1,
      "Geometry": {
        "BoundingBox": {
          "Width": 0.181853249669075,
          "Height": 0.0684959888458252,
          "Left": 0.37201982736587524,
          "Top": 0.36183828115463257
        },
        "Polygon": [
          {
            "X": 0.37201982736587524,
            "Y": 0.3621458113193512
          },
          {
            "X": 0.553420901298523,
            "Y": 0.36183828115463257
          },
          {
            "X": 0.5538731217384338,
            "Y": 0.4300641119480133
          },
          {
            "X": 0.37240034341812134,
            "Y": 0.43033427000045776
          }
        ]
      },
      "Id": "40971cfe-8a42-45a1-b30f-f4a094dd9d4a",
      "Relationships": [
        {
          "Type": "CHILD",
          "Ids": [
            "3c695670-8673-4917-b65f-9c545a722154",
            "3d9732f0-e602-4e84-bab3-3b38d725e276",
            "654cd7f2-567c-4c96-9b43-1d2d01075a8f",
            "7b870b56-2353-4c4f-936d-96b6b8672383"
          ]
        }
      ],
      "EntityTypes": [
        "COLUMN_HEADER"
      ],
      "Page": 1
    },
    {
      "BlockType": "CELL",
      "Confidence": 67.333984375,
      "RowIndex": 1,
      "ColumnIndex": 3,
      "RowSpan": 1,
      "ColumnSpan": 1,
      "Geometry": {
        "BoundingBox": {
          "Width": 0.09980390220880508,
          "Height": 0.06839422136545181,
          "Left": 0.553420901298523,
          "Top": 0.3616698980331421
        },
        "Polygon": [
          {
            "X": 0.553420901298523,
            "Y": 0.36183828115463257
          },
          {
            "X": 0.6527332663536072,
            "Y": 0.3616698980331421
          },
          {
            "X": 0.653224766254425,
            "Y": 0.4299162030220032
          },
          {
            "X": 0.5538731217384338,
            "Y": 0.4300641119480133
          }
        ]
      },
      "Id": "e146cef2-9d91-4050-ac85-9210397a210e",
      "Relationships": [
        {
          "Type": "CHILD",
          "Ids": [
            "8a47bad6-97f7-414b-a81b-cb03bcfe002c",
            "b39f767d-2da4-47af-89c7-71e0eb689ffb"
          ]
        }
      ],
      "EntityTypes": [
        "COLUMN_HEADER"
      ],
      "Page": 1
    },
    {
      "BlockType": "CELL",
      "Confidence": 70.849609375,
      "RowIndex": 1,
      "ColumnIndex": 4,
      "RowSpan": 1,
      "ColumnSpan": 1,
      "Geometry": {
        "BoundingBox": {
          "Width": 0.11339917033910751,
          "Height": 0.06843768060207367,
          "Left": 0.6527332663536072,
          "Top": 0.3614785373210907
        },
        "Polygon": [
          {
            "X": 0.6527332663536072,
            "Y": 0.3616698980331421
          },
          {
            "X": 0.7655962705612183,
            "Y": 0.3614785373210907
          },
          {
            "X": 0.7661324739456177,
            "Y": 0.42974814772605896
          },
          {
            "X": 0.653224766254425,
            "Y": 0.4299162030220032
          }
        ]
      },
      "Id": "a5f63786-de5b-4548-9895-41a3abc9c4fe",
      "Relationships": [
        {
          "Type": "CHILD",
          "Ids": [
            "c0c8aa24-ac44-4eaf-970f-6bc59f6f0bb1"
          ]
        }
      ],
      "EntityTypes": [
        "COLUMN_HEADER"
      ],
      "Page": 1
    },
    {
      "BlockType": "CELL",
      "Confidence": 84.9609375,
      "RowIndex": 2,
      "ColumnIndex": 1,
      "RowSpan": 1,
      "ColumnSpan": 1,
      "Geometry": {
        "BoundingBox": {
          "Width": 0.13744820654392242,
          "Height": 0.03560074418783188,
          "Left": 0.23514972627162933,
          "Top": 0.43033427000045776
        },
        "Polygon": [
          {
            "X": 0.23514972627162933,
            "Y": 0.4305385649204254
          },
          {
            "X": 0.37240034341812134,
            "Y": 0.43033427000045776
          },
          {
            "X": 0.37259793281555176,
            "Y": 0.46574538946151733
          },
          {
            "X": 0.23531919717788696,
            "Y": 0.46593499183654785
          }
        ]
      },
      "Id": "86ffe82c-d77f-4ddd-ae1e-1f031679af24",
      "Relationships": [
        {
          "Type": "CHILD",
          "Ids": [
            "acedfd6f-247a-49d9-80c2-778160da1b94"
          ]
        }
      ],
      "Page": 1
    },
    {
      "BlockType": "CELL",
      "Confidence": 87.841796875,
      "RowIndex": 2,
      "ColumnIndex": 2,
      "RowSpan": 1,
      "ColumnSpan": 1,
      "Geometry": {
        "BoundingBox": {
          "Width": 0.18170759081840515,
          "Height": 0.03568127751350403,
          "Left": 0.37240034341812134,
          "Top": 0.4300641119480133
        },
        "Polygon": [
          {
            "X": 0.37240034341812134,
            "Y": 0.43033427000045776
          },
          {
            "X": 0.5538731217384338,
            "Y": 0.4300641119480133
          },
          {
            "X": 0.5541079044342041,
            "Y": 0.46549469232559204
          },
          {
            "X": 0.37259793281555176,
            "Y": 0.46574538946151733
          }
        ]
      },
      "Id": "4157a0b5-fc72-493a-9516-4c277207f539",
      "Relationships": [
        {
          "Type": "CHILD",
          "Ids": [
            "d9bbf2e4-f9bf-4f58-bae3-851e81b61c98"
          ]
        }
      ],
      "Page": 1
    },
    {
      "BlockType": "CELL",
      "Confidence": 83.740234375,
      "RowIndex": 2,
      "ColumnIndex": 3,
      "RowSpan": 1,
      "ColumnSpan": 1,
      "Geometry": {
        "BoundingBox": {
          "Width": 0.0996069386601448,
          "Height": 0.035578466951847076,
          "Left": 0.5538731217384338,
          "Top": 0.4299162030220032
        },
        "Polygon": [
          {
            "X": 0.5538731217384338,
            "Y": 0.4300641119480133
          },
          {
            "X": 0.653224766254425,
            "Y": 0.4299162030220032
          },
          {
            "X": 0.653480052947998,
            "Y": 0.4653574228286743
          },
          {
            "X": 0.5541079044342041,
            "Y": 0.46549469232559204
          }
        ]
      },
      "Id": "7e03f897-776d-459c-944c-fc4fbdd7c9fb",
      "Relationships": [
        {
          "Type": "CHILD",
          "Ids": [
            "ecc26ad9-6351-4968-82f2-7bbe0cbd20cf"
          ]
        }
      ],
      "Page": 1
    },
    {
      "BlockType": "CELL",
      "Confidence": 88.0859375,
      "RowIndex": 2,
      "ColumnIndex": 4,
      "RowSpan": 1,
      "ColumnSpan": 1,
      "Geometry": {
        "BoundingBox": {
          "Width": 0.11318611353635788,
          "Height": 0.03560929000377655,
          "Left": 0.653224766254425,
          "Top": 0.42974814772605896
        },
        "Polygon": [
          {
            "X": 0.653224766254425,
            "Y": 0.4299162030220032
          },
          {
            "X": 0.7661324739456177,
            "Y": 0.42974814772605896
          },
          {
            "X": 0.7664108872413635,
            "Y": 0.4652014374732971
          },
          {
            "X": 0.653480052947998,
            "Y": 0.4653574228286743
          }
        ]
      },
      "Id": "946fbe69-d15e-4c5d-8cc1-de98a6982cb1",
      "Relationships": [
        {
          "Type": "CHILD",
          "Ids": [
            "40a0ac54-9a54-46f7-a8da-269029f035fd"
          ]
        }
      ],
      "Page": 1
    },
    {
      "BlockType": "CELL",
      "Confidence": 83.056640625,
      "RowIndex": 3,
      "ColumnIndex": 1,
      "RowSpan": 1,
      "ColumnSpan": 1,
      "Geometry": {
        "BoundingBox": {
          "Width": 0.13744916021823883,
          "Height": 0.030715392902493477,
          "Left": 0.23531919717788696,
          "Top": 0.46574538946151733
        },
        "Polygon": [
          {
            "X": 0.23531919717788696,
            "Y": 0.46593499183654785
          },
          {
            "X": 0.37259793281555176,
            "Y": 0.46574538946151733
          },
          {
            "X": 0.3727683424949646,
            "Y": 0.4962838590145111
          },
          {
            "X": 0.23546534776687622,
            "Y": 0.49646079540252686
          }
        ]
      },
      "Id": "6474cd15-73e0-4a3e-851b-248af826b16c",
      "Relationships": [
        {
          "Type": "CHILD",
          "Ids": [
            "6785a392-cc1e-45e6-a855-1e3475904b35"
          ]
        }
      ],
      "Page": 1
    },
    {
      "BlockType": "CELL",
      "Confidence": 85.83984375,
      "RowIndex": 3,
      "ColumnIndex": 2,
      "RowSpan": 1,
      "ColumnSpan": 1,
      "Geometry": {
        "BoundingBox": {
          "Width": 0.18171252310276031,
          "Height": 0.030789168551564217,
          "Left": 0.37259793281555176,
          "Top": 0.46549469232559204
        },
        "Polygon": [
          {
            "X": 0.37259793281555176,
            "Y": 0.46574538946151733
          },
          {
            "X": 0.5541079044342041,
            "Y": 0.46549469232559204
          },
          {
            "X": 0.5543104410171509,
            "Y": 0.4960499107837677
          },
          {
            "X": 0.3727683424949646,
            "Y": 0.4962838590145111
          }
        ]
      },
      "Id": "0d736571-63ad-4116-ad44-4cfb7c4530fd",
      "Relationships": [
        {
          "Type": "CHILD",
          "Ids": [
            "3804bf97-96f8-40c2-be27-4a9fd587f512"
          ]
        }
      ],
      "Page": 1
    },
    {
      "BlockType": "CELL",
      "Confidence": 81.8359375,
      "RowIndex": 3,
      "ColumnIndex": 3,
      "RowSpan": 1,
      "ColumnSpan": 1,
      "Geometry": {
        "BoundingBox": {
          "Width": 0.09959221631288528,
          "Height": 0.030692489817738533,
          "Left": 0.5541079044342041,
          "Top": 0.4653574228286743
        },
        "Polygon": [
          {
            "X": 0.5541079044342041,
            "Y": 0.46549469232559204
          },
          {
            "X": 0.653480052947998,
            "Y": 0.4653574228286743
          },
          {
            "X": 0.6537001729011536,
            "Y": 0.4959218502044678
          },
          {
            "X": 0.5543104410171509,
            "Y": 0.4960499107837677
          }
        ]
      },
      "Id": "f21ac358-437f-41fc-8610-66c33620f260",
      "Relationships": [
        {
          "Type": "CHILD",
          "Ids": [
            "8c20e954-6e32-4dd0-bfc6-b92ec553c69f"
          ]
        }
      ],
      "Page": 1
    },
    {
      "BlockType": "CELL",
      "Confidence": 86.083984375,
      "RowIndex": 3,
      "ColumnIndex": 4,
      "RowSpan": 1,
      "ColumnSpan": 1,
      "Geometry": {
        "BoundingBox": {
          "Width": 0.11317100375890732,
          "Height": 0.03072039783000946,
          "Left": 0.653480052947998,
          "Top": 0.4652014374732971
        },
        "Polygon": [
          {
            "X": 0.653480052947998,
            "Y": 0.4653574228286743
          },
          {
            "X": 0.7664108872413635,
            "Y": 0.4652014374732971
          },
          {
            "X": 0.7666510343551636,
            "Y": 0.49577629566192627
          },
          {
            "X": 0.6537001729011536,
            "Y": 0.4959218502044678
          }
        ]
      },
      "Id": "6894c5f4-b5de-46e5-b0e9-a24a005016b3",
      "Relationships": [
        {
          "Type": "CHILD",
          "Ids": [
            "f4f73e03-badf-48c9-881b-903dcfb296dc"
          ]
        }
      ],
      "Page": 1
    },
    {
      "BlockType": "CELL",
      "Confidence": 82.32421875,
      "RowIndex": 4,
      "ColumnIndex": 1,
      "RowSpan": 1,
      "ColumnSpan": 1,
      "Geometry": {
        "BoundingBox": {
          "Width": 0.13745984435081482,
          "Height": 0.02827015146613121,
          "Left": 0.23546534776687622,
          "Top": 0.4962838590145111
        },
        "Polygon": [
          {
            "X": 0.23546534776687622,
            "Y": 0.49646079540252686
          },
          {
            "X": 0.3727683424949646,
            "Y": 0.4962838590145111
          },
          {
            "X": 0.37292519211769104,
            "Y": 0.5243887305259705
          },
          {
            "X": 0.2355998456478119,
            "Y": 0.5245540142059326
          }
        ]
      },
      "Id": "5e8718a4-30ca-4a94-99e6-b70672ca4f03",
      "Relationships": [
        {
          "Type": "CHILD",
          "Ids": [
            "37466d76-a245-41ae-9434-8d3ba6dcef5b"
          ]
        }
      ],
      "Page": 1
    },
    {
      "BlockType": "CELL",
      "Confidence": 85.05859375,
      "RowIndex": 4,
      "ColumnIndex": 2,
      "RowSpan": 1,
      "ColumnSpan": 1,
      "Geometry": {
        "BoundingBox": {
          "Width": 0.18172849714756012,
          "Height": 0.028338834643363953,
          "Left": 0.3727683424949646,
          "Top": 0.4960499107837677
        },
        "Polygon": [
          {
            "X": 0.3727683424949646,
            "Y": 0.4962838590145111
          },
          {
            "X": 0.5543104410171509,
            "Y": 0.4960499107837677
          },
          {
            "X": 0.5544968247413635,
            "Y": 0.5241702795028687
          },
          {
            "X": 0.37292519211769104,
            "Y": 0.5243887305259705
          }
        ]
      },
      "Id": "8c812f0a-0617-4e2f-978c-5a2c5075a38c",
      "Relationships": [
        {
          "Type": "CHILD",
          "Ids": [
            "e33491f1-5baa-4c25-893a-7fb9ef88da3e"
          ]
        }
      ],
      "Page": 1
    },
    {
      "BlockType": "CELL",
      "Confidence": 81.103515625,
      "RowIndex": 4,
      "ColumnIndex": 3,
      "RowSpan": 1,
      "ColumnSpan": 1,
      "Geometry": {
        "BoundingBox": {
          "Width": 0.09959227591753006,
          "Height": 0.028248412534594536,
          "Left": 0.5543104410171509,
          "Top": 0.4959218502044678
        },
        "Polygon": [
          {
            "X": 0.5543104410171509,
            "Y": 0.4960499107837677
          },
          {
            "X": 0.6537001729011536,
            "Y": 0.4959218502044678
          },
          {
            "X": 0.6539027094841003,
            "Y": 0.5240506529808044
          },
          {
            "X": 0.5544968247413635,
            "Y": 0.5241702795028687
          }
        ]
      },
      "Id": "f78337fe-a7fd-42d6-8e66-02f3c786291c",
      "Relationships": [
        {
          "Type": "CHILD",
          "Ids": [
            "a7f1e951-8af5-4567-b484-820f189d83f4"
          ]
        }
      ],
      "Page": 1
    },
    {
      "BlockType": "CELL",
      "Confidence": 85.3515625,
      "RowIndex": 4,
      "ColumnIndex": 4,
      "RowSpan": 1,
      "ColumnSpan": 1,
      "Geometry": {
        "BoundingBox": {
          "Width": 0.11317187547683716,
          "Height": 0.02827433869242668,
          "Left": 0.6537001729011536,
          "Top": 0.49577629566192627
        },
        "Polygon": [
          {
            "X": 0.6537001729011536,
            "Y": 0.4959218502044678
          },
          {
            "X": 0.7666510343551636,
            "Y": 0.49577629566192627
          },
          {
            "X": 0.7668720483779907,
            "Y": 0.5239146947860718
          },
          {
            "X": 0.6539027094841003,
            "Y": 0.5240506529808044
          }
        ]
      },
      "Id": "00ce47cb-0e9a-4e88-ad67-88ceb49d1883",
      "Relationships": [
        {
          "Type": "CHILD",
          "Ids": [
            "04debcd1-bb59-4473-9b34-16064810331e"
          ]
        }
      ],
      "Page": 1
    },
    {
      "BlockType": "CELL",
      "Confidence": 85.44921875,
      "RowIndex": 5,
      "ColumnIndex": 1,
      "RowSpan": 1,
      "ColumnSpan": 1,
      "Geometry": {
        "BoundingBox": {
          "Width": 0.13748905062675476,
          "Height": 0.029489634558558464,
          "Left": 0.2355998456478119,
          "Top": 0.5243887305259705
        },
        "Polygon": [
          {
            "X": 0.2355998456478119,
            "Y": 0.5245540142059326
          },
          {
            "X": 0.37292519211769104,
            "Y": 0.5243887305259705
          },
          {
            "X": 0.37308889627456665,
            "Y": 0.5537253022193909
          },
          {
            "X": 0.23574022948741913,
            "Y": 0.5538783669471741
          }
        ]
      },
      "Id": "e765b91c-284b-4dc8-987a-dd405a15f701",
      "Relationships": [
        {
          "Type": "CHILD",
          "Ids": [
            "cf27dcce-f68f-43e3-b27e-5e6911783f75"
          ]
        }
      ],
      "Page": 1
    },
    {
      "BlockType": "CELL",
      "Confidence": 88.28125,
      "RowIndex": 5,
      "ColumnIndex": 2,
      "RowSpan": 1,
      "ColumnSpan": 1,
      "Geometry": {
        "BoundingBox": {
          "Width": 0.18176621198654175,
          "Height": 0.029555071145296097,
          "Left": 0.37292519211769104,
          "Top": 0.5241702795028687
        },
        "Polygon": [
          {
            "X": 0.37292519211769104,
            "Y": 0.5243887305259705
          },
          {
            "X": 0.5544968247413635,
            "Y": 0.5241702795028687
          },
          {
            "X": 0.5546913743019104,
            "Y": 0.5535229444503784
          },
          {
            "X": 0.37308889627456665,
            "Y": 0.5537253022193909
          }
        ]
      },
      "Id": "6969a3dd-7311-49ca-958f-f524ee1604dd",
      "Relationships": [
        {
          "Type": "CHILD",
          "Ids": [
            "f1975a8f-e60c-447e-bd21-bec44bceaaa1"
          ]
        }
      ],
      "Page": 1
    },
    {
      "BlockType": "CELL",
      "Confidence": 84.1796875,
      "RowIndex": 5,
      "ColumnIndex": 3,
      "RowSpan": 1,
      "ColumnSpan": 1,
      "Geometry": {
        "BoundingBox": {
          "Width": 0.09961734712123871,
          "Height": 0.029472317546606064,
          "Left": 0.5544968247413635,
          "Top": 0.5240506529808044
        },
        "Polygon": [
          {
            "X": 0.5544968247413635,
            "Y": 0.5241702795028687
          },
          {
            "X": 0.6539027094841003,
            "Y": 0.5240506529808044
          },
          {
            "X": 0.6541141867637634,
            "Y": 0.553412139415741
          },
          {
            "X": 0.5546913743019104,
            "Y": 0.5535229444503784
          }
        ]
      },
      "Id": "2fe8f3ba-b3c5-4fb9-ae50-a5b7fbb17f99",
      "Relationships": [
        {
          "Type": "CHILD",
          "Ids": [
            "bf10a91d-b6d5-4b42-914c-e903e3419e4c"
          ]
        }
      ],
      "Page": 1
    },
    {
      "BlockType": "CELL",
      "Confidence": 88.57421875,
      "RowIndex": 5,
      "ColumnIndex": 4,
      "RowSpan": 1,
      "ColumnSpan": 1,
      "Geometry": {
        "BoundingBox": {
          "Width": 0.11319997906684875,
          "Height": 0.02949746511876583,
          "Left": 0.6539027094841003,
          "Top": 0.5239146947860718
        },
        "Polygon": [
          {
            "X": 0.6539027094841003,
            "Y": 0.5240506529808044
          },
          {
            "X": 0.7668720483779907,
            "Y": 0.5239146947860718
          },
          {
            "X": 0.7671027183532715,
            "Y": 0.5532862544059753
          },
          {
            "X": 0.6541141867637634,
            "Y": 0.553412139415741
          }
        ]
      },
      "Id": "3a314d30-1fe3-449d-b34e-0311e12c4813",
      "Relationships": [
        {
          "Type": "CHILD",
          "Ids": [
            "97129f93-19e0-4b4f-b32e-5b4f1a56b603"
          ]
        }
      ],
      "Page": 1
    },
    {
      "BlockType": "CELL",
      "Confidence": 83.056640625,
      "RowIndex": 6,
      "ColumnIndex": 1,
      "RowSpan": 1,
      "ColumnSpan": 1,
      "Geometry": {
        "BoundingBox": {
          "Width": 0.13750559091567993,
          "Height": 0.028264908120036125,
          "Left": 0.23574022948741913,
          "Top": 0.5537253022193909
        },
        "Polygon": [
          {
            "X": 0.23574022948741913,
            "Y": 0.5538783669471741
          },
          {
            "X": 0.37308889627456665,
            "Y": 0.5537253022193909
          },
          {
            "X": 0.37324580550193787,
            "Y": 0.5818488597869873
          },
          {
            "X": 0.23587481677532196,
            "Y": 0.5819902420043945
          }
        ]
      },
      "Id": "22d0027a-912b-4854-a391-692f48cb9da8",
      "Relationships": [
        {
          "Type": "CHILD",
          "Ids": [
            "d393463e-aeee-4241-b580-b26391580416"
          ]
        }
      ],
      "Page": 1
    },
    {
      "BlockType": "CELL",
      "Confidence": 85.83984375,
      "RowIndex": 6,
      "ColumnIndex": 2,
      "RowSpan": 1,
      "ColumnSpan": 1,
      "Geometry": {
        "BoundingBox": {
          "Width": 0.18178902566432953,
          "Height": 0.028325917199254036,
          "Left": 0.37308889627456665,
          "Top": 0.5535229444503784
        },
        "Polygon": [
          {
            "X": 0.37308889627456665,
            "Y": 0.5537253022193909
          },
          {
            "X": 0.5546913743019104,
            "Y": 0.5535229444503784
          },
          {
            "X": 0.5548778772354126,
            "Y": 0.5816619396209717
          },
          {
            "X": 0.37324580550193787,
            "Y": 0.5818488597869873
          }
        ]
      },
      "Id": "17f5c82e-fd45-4288-9fa7-c0c08558e90c",
      "Relationships": [
        {
          "Type": "CHILD",
          "Ids": [
            "0138d995-2f24-466b-ba82-e92438a3d6cd"
          ]
        }
      ],
      "Page": 1
    },
    {
      "BlockType": "CELL",
      "Confidence": 81.8359375,
      "RowIndex": 6,
      "ColumnIndex": 3,
      "RowSpan": 1,
      "ColumnSpan": 1,
      "Geometry": {
        "BoundingBox": {
          "Width": 0.09962550550699234,
          "Height": 0.028249796479940414,
          "Left": 0.5546913743019104,
          "Top": 0.553412139415741
        },
        "Polygon": [
          {
            "X": 0.5546913743019104,
            "Y": 0.5535229444503784
          },
          {
            "X": 0.6541141867637634,
            "Y": 0.553412139415741
          },
          {
            "X": 0.6543169021606445,
            "Y": 0.5815595984458923
          },
          {
            "X": 0.5548778772354126,
            "Y": 0.5816619396209717
          }
        ]
      },
      "Id": "b008c173-8bc3-46ba-8842-c953fbdc6a9b",
      "Relationships": [
        {
          "Type": "CHILD",
          "Ids": [
            "b617826a-c400-4030-af5e-623029aa54d3"
          ]
        }
      ],
      "Page": 1
    },
    {
      "BlockType": "CELL",
      "Confidence": 86.083984375,
      "RowIndex": 6,
      "ColumnIndex": 4,
      "RowSpan": 1,
      "ColumnSpan": 1,
      "Geometry": {
        "BoundingBox": {
          "Width": 0.11320966482162476,
          "Height": 0.02827337756752968,
          "Left": 0.6541141867637634,
          "Top": 0.5532862544059753
        },
        "Polygon": [
          {
            "X": 0.6541141867637634,
            "Y": 0.553412139415741
          },
          {
            "X": 0.7671027183532715,
            "Y": 0.5532862544059753
          },
          {
            "X": 0.7673238515853882,
            "Y": 0.5814433097839355
          },
          {
            "X": 0.6543169021606445,
            "Y": 0.5815595984458923
          }
        ]
      },
      "Id": "31278f7e-165d-49ed-a78e-b9f414c41c53",
      "Relationships": [
        {
          "Type": "CHILD",
          "Ids": [
            "461752fe-dad0-4716-af24-a1872067bab6"
          ]
        }
      ],
      "Page": 1
    },
    {
      "BlockType": "CELL",
      "Confidence": 41.30859375,
      "RowIndex": 7,
      "ColumnIndex": 1,
      "RowSpan": 1,
      "ColumnSpan": 1,
      "Geometry": {
        "BoundingBox": {
          "Width": 0.13763928413391113,
          "Height": 0.048198964446783066,
          "Left": 0.23587481677532196,
          "Top": 0.5818488597869873
        },
        "Polygon": [
          {
            "X": 0.23587481677532196,
            "Y": 0.5819902420043945
          },
          {
            "X": 0.37324580550193787,
            "Y": 0.5818488597869873
          },
          {
            "X": 0.3735140860080719,
            "Y": 0.6299264430999756
          },
          {
            "X": 0.23610490560531616,
            "Y": 0.6300478577613831
          }
        ]
      },
      "Id": "8c850e55-889e-421b-9151-56cbeec032ff",
      "Relationships": [
        {
          "Type": "CHILD",
          "Ids": [
            "6aa0ce64-3a76-439d-964c-d8d2197e1cda",
            "43e67d7c-f63d-4fd3-be3f-3d3138095d99",
            "21ff70d1-c8e7-413f-9b14-12df48793111"
          ]
        }
      ],
      "Page": 1
    },
    {
      "BlockType": "CELL",
      "Confidence": 42.67578125,
      "RowIndex": 7,
      "ColumnIndex": 2,
      "RowSpan": 1,
      "ColumnSpan": 1,
      "Geometry": {
        "BoundingBox": {
          "Width": 0.18195092678070068,
          "Height": 0.0482645109295845,
          "Left": 0.37324580550193787,
          "Top": 0.5816619396209717
        },
        "Polygon": [
          {
            "X": 0.37324580550193787,
            "Y": 0.5818488597869873
          },
          {
            "X": 0.5548778772354126,
            "Y": 0.5816619396209717
          },
          {
            "X": 0.5551967620849609,
            "Y": 0.6297659873962402
          },
          {
            "X": 0.3735140860080719,
            "Y": 0.6299264430999756
          }
        ]
      },
      "Id": "ea89a733-92f5-4b39-b61e-08b6247b8e69",
      "Relationships": [
        {
          "Type": "CHILD",
          "Ids": [
            "87ad9772-5cde-4c7e-a5fe-f1c421db8a72"
          ]
        }
      ],
      "Page": 1
    },
    {
      "BlockType": "CELL",
      "Confidence": 40.6982421875,
      "RowIndex": 7,
      "ColumnIndex": 3,
      "RowSpan": 1,
      "ColumnSpan": 1,
      "Geometry": {
        "BoundingBox": {
          "Width": 0.09978554397821426,
          "Height": 0.04820636659860611,
          "Left": 0.5548778772354126,
          "Top": 0.5815595984458923
        },
        "Polygon": [
          {
            "X": 0.5548778772354126,
            "Y": 0.5816619396209717
          },
          {
            "X": 0.6543169021606445,
            "Y": 0.5815595984458923
          },
          {
            "X": 0.6546634435653687,
            "Y": 0.6296781301498413
          },
          {
            "X": 0.5551967620849609,
            "Y": 0.6297659873962402
          }
        ]
      },
      "Id": "84edd552-c61b-4e1d-bdd7-59f847b9e671",
      "Relationships": [
        {
          "Type": "CHILD",
          "Ids": [
            "705a19ae-6b7f-4c4b-b862-09cb61e57b92"
          ]
        }
      ],
      "Page": 1
    },
    {
      "BlockType": "CELL",
      "Confidence": 42.7978515625,
      "RowIndex": 7,
      "ColumnIndex": 4,
      "RowSpan": 1,
      "ColumnSpan": 1,
      "Geometry": {
        "BoundingBox": {
          "Width": 0.11338499188423157,
          "Height": 0.04823480546474457,
          "Left": 0.6543169021606445,
          "Top": 0.5814433097839355
        },
        "Polygon": [
          {
            "X": 0.6543169021606445,
            "Y": 0.5815595984458923
          },
          {
            "X": 0.7673238515853882,
            "Y": 0.5814433097839355
          },
          {
            "X": 0.7677019238471985,
            "Y": 0.6295782923698425
          },
          {
            "X": 0.6546634435653687,
            "Y": 0.6296781301498413
          }
        ]
      },
      "Id": "2cb79808-033e-4afc-bb46-c6373a1a4c44",
      "Relationships": [
        {
          "Type": "CHILD",
          "Ids": [
            "d186df3c-6531-478b-8870-d8c2bbd808aa",
            "b5cb34a2-90b0-42f6-be1d-08ada16bfc7a"
          ]
        }
      ],
      "Page": 1
    }
  ],
  "AnalyzeDocumentModelVersion": "1.0"
}